{
    "name": "root",
    "metadata": {
        "timer_format_version": "0.1.0",
        "start_time_seconds": "1620834254",
        "python_version": "3.7.10 (default, Feb 26 2021, 18:47:35) \n[GCC 7.3.0]",
        "command_line_arguments": "/home/akrab/anaconda3/envs/train/bin/mlagents-learn ./new.yaml --run-id=train2 --env=combat.x86_64 --base-port=9231",
        "mlagents_version": "0.26.0",
        "mlagents_envs_version": "0.26.0",
        "communication_protocol_version": "1.5.0",
        "pytorch_version": "1.8.1+cu102",
        "numpy_version": "1.20.2",
        "end_time_seconds": "1620834477"
    },
    "total": 222.09795059700002,
    "count": 1,
    "self": 0.26491962500000454,
    "children": {
        "run_training.setup": {
            "total": 0.42720308200000545,
            "count": 1,
            "self": 0.42720308200000545
        },
        "TrainerController.start_learning": {
            "total": 221.40582789,
            "count": 1,
            "self": 0.023664995000103772,
            "children": {
                "TrainerController._reset_env": {
                    "total": 28.510834874000068,
                    "count": 1,
                    "self": 28.510834874000068
                },
                "TrainerController.advance": {
                    "total": 192.0091363959997,
                    "count": 679,
                    "self": 0.020383309997896504,
                    "children": {
                        "env_step": {
                            "total": 188.7332748090006,
                            "count": 679,
                            "self": 185.22955531900084,
                            "children": {
                                "SubprocessEnvManager._take_step": {
                                    "total": 3.493686318002233,
                                    "count": 679,
                                    "self": 0.05413087400097538,
                                    "children": {
                                        "TorchPolicy.evaluate": {
                                            "total": 3.4395554440012575,
                                            "count": 679,
                                            "self": 1.1209575560006897,
                                            "children": {
                                                "TorchPolicy.sample_actions": {
                                                    "total": 2.3185978880005678,
                                                    "count": 679,
                                                    "self": 2.3185978880005678
                                                }
                                            }
                                        }
                                    }
                                },
                                "workers": {
                                    "total": 0.010033171997520185,
                                    "count": 678,
                                    "self": 0.0,
                                    "children": {
                                        "worker_root": {
                                            "total": 220.9130061919974,
                                            "count": 678,
                                            "is_parallel": true,
                                            "self": 41.77536161299781,
                                            "children": {
                                                "run_training.setup": {
                                                    "total": 0.0,
                                                    "count": 0,
                                                    "is_parallel": true,
                                                    "self": 0.0,
                                                    "children": {
                                                        "steps_from_proto": {
                                                            "total": 0.02995058300001574,
                                                            "count": 1,
                                                            "is_parallel": true,
                                                            "self": 0.013823378999973102,
                                                            "children": {
                                                                "_process_rank_one_or_two_observation": {
                                                                    "total": 0.01612720400004264,
                                                                    "count": 2,
                                                                    "is_parallel": true,
                                                                    "self": 0.01612720400004264
                                                                }
                                                            }
                                                        },
                                                        "UnityEnvironment.step": {
                                                            "total": 5.25988643300002,
                                                            "count": 1,
                                                            "is_parallel": true,
                                                            "self": 9.051900019585446e-05,
                                                            "children": {
                                                                "UnityEnvironment._generate_step_input": {
                                                                    "total": 9.241499992640456e-05,
                                                                    "count": 1,
                                                                    "is_parallel": true,
                                                                    "self": 9.241499992640456e-05
                                                                },
                                                                "communicator.exchange": {
                                                                    "total": 5.2593385599999465,
                                                                    "count": 1,
                                                                    "is_parallel": true,
                                                                    "self": 5.2593385599999465
                                                                },
                                                                "steps_from_proto": {
                                                                    "total": 0.0003649389999509367,
                                                                    "count": 1,
                                                                    "is_parallel": true,
                                                                    "self": 0.00022356599981776526,
                                                                    "children": {
                                                                        "_process_rank_one_or_two_observation": {
                                                                            "total": 0.00014137300013317144,
                                                                            "count": 2,
                                                                            "is_parallel": true,